
CREATE TABLE Effectif(nom text, prenom text, equipe text);
CREATE TABLE Match(local text, visit text, butLocal int, butVisit int);
CREATE TABLE Carton(nom text, prenom text, local text, visit text, couleur char(5));

INSERT INTO Effectif VALUES
('Wlodarczyk','Piotr','Auxerre'),
('Vandenbossche','David','Auxerre'),
('Tainio','Teemu','Auxerre'),
('Sopalski','Jeremy','Auxerre'),
('Sirieix','Francois','Auxerre'),
('Reyes','Pedro','Auxerre'),
('Recorbet','David','Auxerre'),
('Radet','Johan','Auxerre'),
('Perrier Doumbe','Jean-Joel','Auxerre'),
('Mexes','Philippe','Auxerre'),
('Mathis','Lionel','Auxerre'),
('Marin','Nicolas','Auxerre'),
('Magnier','Cyrille','Auxerre'),
('Le Crom','Ronan','Auxerre'),
('Lachuer','Yann','Auxerre'),
('Kapo','','Auxerre'),
('Jay','Frederic','Auxerre'),
('Jaures','Jean-Sebastien','Auxerre'),
('Gonzales','Arnaud','Auxerre'),
('Faye','Amdy','Auxerre'),
('Fadiga','Khalilou','Auxerre'),
('Esteves','Helder','Auxerre'),
('Diabate','Lassina','Auxerre'),
('Cool','Fabien','Auxerre'),
('Cisse','Djibrill','Auxerre'),
('Boumsong','Jean-Alain','Auxerre'),
('Assati','Joseph','Auxerre'),
('Assati','Eric','Auxerre'),
('Anianka','Philip','Auxerre'),
('Agboh','Kuami','Auxerre'),
('Yahia','Anther','Bastia'),
('Vairelles','Tony','Bastia'),
('Uras','Cedric','Bastia'),
('Soumah','Ousmane','Bastia'),
('Soumah','Morlaye','Bastia'),
('Piocelle','Sebastien','Bastia'),
('Petersen','Dan','Bastia'),
('Penneteau','Nicolas','Bastia'),
('Pedros','Reynald','Bastia'),
('Odet','Stephane','Bastia'),
('Nalis','Lilian','Bastia'),
('Mendy','Frederic','Bastia'),
('Mazzoncini','David','Bastia'),
('Matingou','Franck','Bastia'),
('Manso','','Bastia'),
('Leglib','Jacques','Bastia'),
('Laurent','Pierre','Bastia'),
('Lambourde','Bernard','Bastia'),
('Jeunechamp','Cyril','Bastia'),
('Jau','Fabrice','Bastia'),
('Ferreira','Demetrius','Bastia'),
('Essola','Paul','Bastia'),
('Essien','Mickael','Bastia'),
('Eboki-Poh','Cyril','Bastia'),
('Dieuze','Nicolas','Bastia'),
('Deguerville','Christophe','Bastia'),
('Deblock','Pierre','Bastia'),
('Daye','Prince','Bastia'),
('Clayton','Jose','Bastia'),
('Chiari','Xavier','Bastia'),
('Boumnijel','Ali','Bastia'),
('Berenguer','Pascal','Bastia'),
('Beneforti','Patrick','Bastia'),
('Ben Saada','Qualid','Bastia'),
('Sommeil','David','Bordeaux'),
('Smertin','Alexei','Bordeaux'),
('Sanchez','Christophe','Bordeaux'),
('Sahnoun','Nicolas','Bordeaux'),
('Roux','Frederic','Bordeaux'),
('Roche','Alain','Bordeaux'),
('Richert','Teddy','Bordeaux'),
('Ramee','Ulrich','Bordeaux'),
('Pauleta','','Bordeaux'),
('Miranda','Paulo','Bordeaux'),
('Kosonogov','Aleksei','Bordeaux'),
('Jemmali','David','Bordeaux'),
('Faget','Arnaud','Bordeaux'),
('Dugarry','Christophe','Bordeaux'),
('Dhorasoo','Vikash','Bordeaux'),
('da Rocha','Bruno','Bordeaux'),
('Costa','Eduardo','Bordeaux'),
('Bugnet','Herve','Bordeaux'),
('Bonnissel','Jerome','Bordeaux'),
('Batlles','Laurent','Bordeaux'),
('Basto','Bruno','Bordeaux'),
('Alicarte','Herve','Bordeaux'),
('Afanou','Kodjo','Bordeaux'),
('Tasfaout','Abdelhafid','Guingamp'),
('Saci','Hakim','Guingamp'),
('Pankrate','Fabrice','Guingamp'),
('Nielsen','Morten','Guingamp'),
('Michel','Claude','Guingamp'),
('Malouda','Florent','Guingamp'),
('Loussouarn','Eric','Guingamp'),
('Louedec','Fabien','Guingamp'),
('Kouassi Koffi','Blaise','Guingamp'),
('Joseph-Augustin','Jonathan','Guingamp'),
('Herve','Laurent','Guingamp'),
('Guyot','Laurent','Guingamp'),
('Guivarc h','Stephane','Guingamp'),
('Guillaume','Auriol','Guingamp'),
('Gnanhouan','Gerard','Guingamp'),
('Fournier','Hubert','Guingamp'),
('Fiorese','Fabrice','Guingamp'),
('Ferrier','Romain','Guingamp'),
('Colleau','Fabrice','Guingamp'),
('Carnot','Stephane','Guingamp'),
('Bourhani','Kemal','Guingamp'),
('Bourdeau','Pierre-Emmanuel','Guingamp'),
('Baret','Yannick','Guingamp'),
('Bardon','Cedric','Guingamp'),
('Zeitoun','Rudy','Lens'),
('Warmuz','Guillaume','Lens'),
('Wallemme','Jean-Guy','Lens'),
('Traore','Djimi','Lens'),
('Sikora','Eric','Lens'),
('Sibierski','Antoine','Lens'),
('Sarr','Pape','Lens'),
('Sakho','Lamine','Lens'),
('Rodriguez','Bruno','Lens'),
('Queudrue','Franck','Lens'),
('Pedron','Stephane','Lens'),
('Moreira','Daniel','Lens'),
('Meride','Xavier','Lens'),
('Lachor','Yoann','Lens'),
('Jabi','Daouda','Lens'),
('Itandje','Charles-Hubert','Lens'),
('Ismael','Valerien','Lens'),
('Hadji Diouf','El','Lens'),
('Grozdic','Nenad','Lens'),
('Essombe','Ernest','Lens'),
('El Ouardi','Redouane','Lens'),
('Delporte','Ludovic','Lens'),
('Debeve','Michael','Lens'),
('Coulibaly','Adama','Lens'),
('Coridon','Charles-edouard','Lens'),
('Coly','Ferdinand','Lens'),
('Chabbert','Sebastien','Lens'),
('Bucher','Matthieu','Lens'),
('Bouisset','Guillaume','Lens'),
('Blanchard','Jocelyn','Lens'),
('Bejbl','Radek','Lens'),
('Barul','Patrick','Lens'),
('Wimbee','Gregory','Lille'),
('Tafforeau','Gregory','Lille'),
('Sterjovski','Mile','Lille'),
('Schmitz','Rafael','Lille'),
('Pignol','Christophe','Lille'),
('Pichot','Stephane','Lille'),
('Pichon','Laurent','Lille'),
('Olufade','Adekanmi','Lille'),
('N Diaye','Sylvain','Lille'),
('Murati','Edwin','Lille'),
('Michalowski','Sebastien','Lille'),
('Malicki','Gregory','Lille'),
('Landrin','Christophe','Lille'),
('Hamadou','Riad','Lille'),
('Fichaux','Claude','Lille'),
('Fahmi','Abdelilah','Lille'),
('Ecker','Johnny','Lille'),
('Delpierre','Mathieu','Lille'),
('d Amico','Fernando','Lille'),
('Cygan','Pascal','Lille'),
('Collot','Patrick','Lille'),
('Cheyrou','Bruno','Lille'),
('Cheyrou','Benoit','Lille'),
('Boutoille','Djezon','Lille'),
('Beck','Mikkel','Lille'),
('Bassir','Salaheddine','Lille'),
('Bakari','Dagui','Lille'),
('Allibert','Eric','Lille'),
('Strugeon','Franck','Lorient'),
('Sonzogni','Frederic','Lorient'),
('Ripoll','Sylvain','Lorient'),
('Norbert','Guillame','Lorient'),
('Nedlec','Ronan','Lorient'),
('Medina','Hernan','Lorient'),
('Le Lan','Arnaud','Lorient'),
('Le Garrec','Stephane','Lorient'),
('Kroupi','Elie','Lorient'),
('Keita','Seydou','Lorient'),
('Hamel','Sebastien','Lorient'),
('Guyader','Edern','Lorient'),
('Guel','Tchiressoua','Lorient'),
('Guegan','Francois','Lorient'),
('Gauvin','Antony','Lorient'),
('Garnier','Fabien','Lorient'),
('Fiawoo','Koffi','Lorient'),
('Ferron','Christophe','Lorient'),
('Feindouno','Pascal','Lorient'),
('Esceth-N Zi','Nicolas','Lorient'),
('Dudoit','Xavier','Lorient'),
('Druon','Loic','Lorient'),
('Darcheville','Jean-Claude','Lorient'),
('Cloarec','Nicolas','Lorient'),
('Chabert','Cedric','Lorient'),
('Camara','Manfa','Lorient'),
('Bouzin','Yohan','Lorient'),
('Bourmaud','Laurent','Lorient'),
('Bouard','David','Lorient'),
('Bedrossian','Pascal','Lorient'),
('Abardonado','Jacques','Lorient'),
('Violeau','Philippe','Lyon'),
('Vieira','Roland','Lyon'),
('Viale','Julien','Lyon'),
('Senoussi','M Saddek','Lyon'),
('Ribeiro','Frederic','Lyon'),
('Puydebois','Nicolas','Lyon'),
('Pernambucano','Juninho','Lyon'),
('Nee','Frederic','Lyon'),
('Muller','Patrick','Lyon'),
('Montoya','Laurent','Lyon'),
('Luyindula','Guy','Lyon'),
('Linares','David','Lyon'),
('Laville','Florent','Lyon'),
('Laigle','Pierre','Lyon'),
('Hugues','Angelo','Lyon'),
('Govou','Sidney','Lyon'),
('Foe','Marc-Vivien','Lyon'),
('Edmilson','','Lyon'),
('Delmotte','Christophe','Lyon'),
('Deflandre','Eric','Lyon'),
('Coupet','Gregory','Lyon'),
('Chanelet','Jean-Marc','Lyon'),
('Carriere','Eric','Lyon'),
('Cacapa','Claudio','Lyon'),
('Brechet','Jeremie','Lyon'),
('Bergougnoux','','Lyon'),
('Balmont','Florent','Lyon'),
('Anderson','','Lyon'),
('Yobo','Joseph','Marseille'),
('van Buyten','Daniel','Marseille'),
('Tuzzio','Eduardo','Marseille'),
('Swierczewski','Piotr','Marseille'),
('Spinosi','Laurent','Marseille'),
('Runje','Vedran','Marseille'),
('Reina','Loris','Marseille'),
('Pouget','Cyrille','Marseille'),
('Olembe','Salomon','Marseille'),
('Nouma','Pascal','Marseille'),
('Meite','Abdoulaye','Marseille'),
('Martini','Richard','Marseille'),
('Martin','Lilian','Marseille'),
('Marsiglia','Mickael','Marseille'),
('Luiz','Andre','Marseille'),
('Leroy','Jerome','Marseille'),
('Leboeuf','Frank','Marseille'),
('Jurietti','Franck','Marseille'),
('Hemdani','Brahim','Marseille'),
('Gregorini','Damien','Marseille'),
('Gentile','Claudio','Marseille'),
('Gavanon','Benjamin','Marseille'),
('Fernandes','Fabrice','Marseille'),
('Fernandao','','Marseille'),
('dos Santos','Manuel','Marseille'),
('Deschamps','Guillaume','Marseille'),
('Delfim','','Marseille'),
('Dahou','Karim','Marseille'),
('Chapuis','Cyril','Marseille'),
('Cavens','Jurgen','Marseille'),
('Camara','Zoumana','Marseille'),
('Brunel','Philippe','Marseille'),
('Bosnjak','Ivan','Marseille'),
('Borios','Camille','Marseille'),
('Berardi','Jerome','Marseille'),
('Belmadi','Djamel','Marseille'),
('Bakayoko','Ibrahima','Marseille'),
('Ba','Ibrahim','Marseille'),
('Yildiz','Kasim','Metz'),
('van Handenhoven','Gunter','Metz'),
('Toyes','Geoffray','Metz'),
('Songo o','Jacques','Metz'),
('Skachenko','Sergei','Metz'),
('Sane','Oumar','Metz'),
('Roncen','Raphael','Metz'),
('Regis','David','Metz'),
('Proment','Gregory','Metz'),
('Pierre','Pascal','Metz'),
('Morisot','Stephane','Metz'),
('Moreno','Malher','Metz'),
('Moreau','Patrick','Metz'),
('Meyrieu','Frederic','Metz'),
('Marchal','Sylvain','Metz'),
('Liebus','Johan','Metz'),
('Leca','Gregory','Metz'),
('Jager','Jonathan','Metz'),
('Hassli','Eric','Metz'),
('Gaillot','Philippe','Metz'),
('Frutos','Alexandre','Metz'),
('Franccois','Julien','Metz'),
('Espartero','Mario','Metz'),
('Demai','Aimen','Metz'),
('D Amico','Patricio-Martiin','Metz'),
('Borbiconi','Stephane','Metz'),
('Baticle','Gerald','Metz'),
('Bastien','Christophe','Metz'),
('Bah','Schuman','Metz'),
('Adebayor','Sheyi','Metz'),
('Valeriu Raducioiu','Florin','Monaco'),
('Sidibe','Djibril','Monaco'),
('Saib','Moussa','Monaco'),
('Rool','Cyril','Monaco'),
('Roma','Flavio','Monaco'),
('Rodriguez','Julien','Monaco'),
('Quintero','Diego','Monaco'),
('Prso','Dado','Monaco'),
('Porato','Stephane','Monaco'),
('Plestan','Nicolas','Monaco'),
('Pierre-Fanfan','Jose-Karl','Monaco'),
('Patino','Cristian','Monaco'),
('Nyarko','Alex','Monaco'),
('Nonda','Shabani','Monaco'),
('M bomo','Aziana','Monaco'),
('Maarquez Alvarez','Rafael','Monaco'),
('Luzi','Patrice','Monaco'),
('Leonard','Philippe','Monaco'),
('Lacombe','Gregory','Monaco'),
('Jugovic','Vladimir','Monaco'),
('Irles','Bruno','Monaco'),
('Givet','Gaeel','Monaco'),
('Giuly','Ludovic','Monaco'),
('Gallardo','Marcelo','Monaco'),
('Farnerud','Pontus','Monaco'),
('eloi','Wagneau','Monaco'),
('El Fakiri','Hassan','Monaco'),
('Domoraud','Cyrille','Monaco'),
('Cubilier','Eric','Monaco'),
('Cavaglia','Yanis','Monaco'),
('Camara','Souleymane','Monaco'),
('Bonnal','Nicolas','Monaco'),
('Bierhoff','Oliver','Monaco'),
('Biancarelli','Andre','Monaco'),
('Ademar Bernardi','Lucas','Monaco'),
('Abidal','Eric','Monaco'),
('Vercoutre','Remi','Montpellier'),
('Tchato','Bill','Montpellier'),
('Sorlin','Olivier','Montpellier'),
('Silvestre','Franck','Montpellier'),
('Sergio','Paulo','Montpellier'),
('Rouvieere','Jean-Christophe','Montpellier'),
('Rodriguez','Michel','Montpellier'),
('Rixa','','Montpellier'),
('Riou','Rudy','Montpellier'),
('Ramond','Cyril','Montpellier'),
('Pataca','Rui','Montpellier'),
('Ouedec','Nicolas','Montpellier'),
('Moullec','Guillaume','Montpellier'),
('Maoulida','Toifilou','Montpellier'),
('Mansare','Fode','Montpellier'),
('Mahouve','Marcel','Montpellier'),
('Lefevre','Fabien','Montpellier'),
('Guei','Eric','Montpellier'),
('Fugier','Pascal','Montpellier'),
('Dzodic','Nenad','Montpellier'),
('Doumeng','Geoffrey','Montpellier'),
('Decroix','Eric','Montpellier'),
('Cisse','Aliou','Montpellier'),
('Cisse','Abou','Montpellier'),
('Cassard','Stephane','Montpellier'),
('Carotti','Bruno','Montpellier'),
('Carmona','Gregory','Montpellier'),
('Blanc','Serge','Montpellier'),
('Belbey','Omar','Montpellier'),
('Barbosa','Cedric','Montpellier'),
('Assis','','Montpellier'),
('Asoumani','','Montpellier'),
('Ziani','Stephane','Nantes'),
('Vahirua','Marama','Nantes'),
('Toulalan','Jeremy','Nantes'),
('Savinaud','Nicolas','Nantes'),
('Rubil','Goran','Nantes'),
('Quint','Olivier','Nantes'),
('Pujol','Gregory','Nantes'),
('Pauvert','Sebastien','Nantes'),
('Pailleres','Loic','Nantes'),
('Olembe','Salomon','Nantes'),
('Nzighou','Chiva','Nantes'),
('Moldovan','Viorel','Nantes'),
('Mace','Sebastien','Nantes'),
('Laspalles','Nicolas','Nantes'),
('Landreau','Mickael','Nantes'),
('Guy','Jeremie','Nantes'),
('Grondin','Willy','Nantes'),
('Gope-Fenepej','John','Nantes'),
('Gillet','Nicolas','Nantes'),
('Fenillat','Samuel','Nantes'),
('Fabbri','Nestor','Nantes'),
('Djembe-Djemba','Eric','Nantes'),
('Devineau','Charles','Nantes'),
('Deroff','Yves','Nantes'),
('Delhommeau','Pascal','Nantes'),
('Dalmat','Wilfried','Nantes'),
('Da Rocha','Frederic','Nantes'),
('Bonilla','Victor','Nantes'),
('Bilayi Ateba','Jean-Hugues','Nantes'),
('Berson','Mathieu','Nantes'),
('Armand','Sylvain','Nantes'),
('Aristouy','Pierre','Nantes'),
('Andre','Pierre-Yves','Nantes'),
('Ahamada','Hassan','Nantes'),
('Potillon','Lionel','PSG'),
('Pochettino','Mauricio','PSG'),
('Okocha','Jay-Jay','PSG'),
('Ogbeche','','PSG'),
('Mendy','Bernard','PSG'),
('Llacer','Francis','PSG'),
('Letizi','Lionel','PSG'),
('Leroy','Laurent','PSG'),
('Leroy','Jerome','PSG'),
('Leal','Hugo','PSG'),
('Kelban','Fabrice','PSG'),
('Hiroux','Gael','PSG'),
('Heinze','Gabriel','PSG'),
('Gillet','Stephane','PSG'),
('Gaacho','Ronaldinho','PSG'),
('Fabiano','Nicolas','PSG'),
('el-Karkouri','Talal','PSG'),
('Domi','Didier','PSG'),
('Diawara','Kaba','PSG'),
('Dehu','Frederic','PSG'),
('Cristobal','','PSG'),
('Cisse','Edouard','PSG'),
('Benachour','Selim','PSG'),
('Arteta','Mikel','PSG'),
('Alonzo','Jeroome','PSG'),
('Aloisio','','PSG'),
('Alex','','PSG'),
('Agostinho','Joaquim','PSG'),
('Abriel','Fabrice','PSG'),
('Yapi','Cyril','Rennes'),
('Vander','','Rennes'),
('Turdo','Mario','Rennes'),
('Revel','Christophe','Rennes'),
('Reveillere','Anthony','Rennes'),
('Primorac','Jure','Rennes'),
('Piquionne','Frederic','Rennes'),
('Pele','Steven','Rennes'),
('Paisley','Gregory','Rennes'),
('N Diaye','Makhtar','Rennes'),
('Monterrubio','Olivier','Rennes'),
('Meslin','Daniel','Rennes'),
('Lucas','','Rennes'),
('Le Roux','Christophe','Rennes'),
('Gregoire','Stephane','Rennes'),
('Gourvennec','Jocelyn','Rennes'),
('Gava','Franck','Rennes'),
('Fernandes','Fabrice','Rennes'),
('Escude','Julien','Rennes'),
('Echouafni','Olivier','Rennes'),
('Durand','Eric','Rennes'),
('Dorothee','Jean-Felix','Rennes'),
('Diatta','Lamine','Rennes'),
('Delaye','Philippe','Rennes'),
('Debec','Fabien','Rennes'),
('Danic','Gael','Rennes'),
('Citony','Mickael','Rennes'),
('Chapuis','Cyril','Rennes'),
('Bigne','Yoann','Rennes'),
('Belli','Cesar','Rennes'),
('Bailly','Mickael','Rennes'),
('Arribage','Dominique','Rennes'),
('Satorra','Luis','Sedan'),
('Sachy','Nicolas','Sedan'),
('Regnault','Patrick','Sedan'),
('Peyrelade','Laurent','Sedan'),
('Petitjean','Allan','Sedan'),
('Oliveira','Eduardo','Sedan'),
('Noro','Stefane','Sedan'),
('N Diefi','Pius','Sedan'),
('N Diaye','Moussa','Sedan'),
('Natchimie','Mickael','Sedan'),
('Montero','Jean-Louis','Sedan'),
('Mionnet','Cedric','Sedan'),
('M Bami','Modeste','Sedan'),
('Malak','Julien','Sedan'),
('Lecomte','Alexandre','Sedan'),
('Jezierski','Richard','Sedan'),
('Gourville','Pascal-Dominique','Sedan'),
('Fretard','Jerome','Sedan'),
('Elzeard','Cedric','Sedan'),
('diTommaso','David','Sedan'),
('Diao','Salif','Sedan'),
('Celdran','Philippe','Sedan'),
('Capron','Eddy','Sedan'),
('Camara','Henri','Sedan'),
('Brogno','Toni','Sedan'),
('Brocard','Jerome','Sedan'),
('Brando','Frederic','Sedan'),
('Bourgeois','Freddy','Sedan'),
('Bochu','Matthieu','Sedan'),
('BayihaN djema','Gilbert','Sedan'),
('Asuar','Ludovic','Sedan'),
('Adjaoud','Madjid','Sedan'),
('Zairi','Jawad','Sochaux'),
('Villechalane','Pascal','Sochaux'),
('Ucar','Kendal','Sochaux'),
('Trapasso','Marcello','Sochaux'),
('Toure','Kola','Sochaux'),
('Tassali','Kamal','Sochaux'),
('Saveljic','Nisa','Sochaux'),
('Santos','Francileudo','Sochaux'),
('Raschke','Philippe','Sochaux'),
('Quevedo','William','Sochaux'),
('Pfertzel','Marc','Sochaux'),
('Pedretti','Benoit','Sochaux'),
('Pagis','Mickael','Sochaux'),
('Monsoreau','Sylvain','Sochaux'),
('Meriem','Camel','Sochaux'),
('Maraval','Bernard','Sochaux'),
('Manac h','Erwan','Sochaux'),
('Isabey','Mickael','Sochaux'),
('Guillou','Patrick','Sochaux'),
('Frau','Pierre-Alain','Sochaux'),
('Flachez','Maxence','Sochaux'),
('Finazzi','Alexandro','Sochaux'),
('Fernandez','Vincent','Sochaux'),
('Faivre','Cedric','Sochaux'),
('Drobnjak','Anton','Sochaux'),
('DosSantos','Francileudo','Sochaux'),
('Daf','Omar','Sochaux'),
('Crucet','Stephane','Sochaux'),
('Chedli','Adel','Sochaux'),
('Boudarene','Fabien','Sochaux'),
('BaptisteDaguet','Jean','Sochaux'),
('Ziani','Karim','Troyes'),
('Zambernardi','Yannick','Troyes'),
('Tourenne','Carl','Troyes'),
('Thomas','Edouard','Troyes'),
('Thomas','Olivier','Troyes'),
('Svensson','Michael','Troyes'),
('Sekli','Herve','Troyes'),
('Saifi','Rafih','Troyes'),
('Rothen','Jerome','Troyes'),
('Renier','Pascal','Troyes'),
('Niang','Mamadou','Troyes'),
('Moukoko','Jean-Philippe','Troyes'),
('Meniri','Mehdi','Troyes'),
('Mendy','Damlaba','Troyes'),
('Madahoui','Lofti','Troyes'),
('Loko','Patrice','Troyes'),
('Leroy','Mehdi','Troyes'),
('Lamotte','Cedric','Troyes'),
('Jbari','Nordin','Troyes'),
('Heurtebis','Tony','Troyes'),
('Heurlie','Eddy','Troyes'),
('Hamed','David','Troyes'),
('Gousse','Nicolas','Troyes'),
('Ghazi','Farid','Troyes'),
('Fugen','Olivier','Troyes'),
('Djukic','Sladjan','Troyes'),
('Deso','Olivier','Troyes'),
('Dehon','Nicolas','Troyes'),
('Danjou','Frederic','Troyes'),
('Celestini','Fabio','Troyes'),
('Bradja','Mohamed','Troyes'),
('Boutal','Samuel','Troyes'),
('Berthe','Seikou','Troyes'),
('Amzine','Gharib','Troyes'),
('Adam','Frederic','Troyes');


INSERT INTO Match VALUES 
('Troyes','Guingamp',3,0),
('Lens','Lyon',2,0),
('Monaco','Sochaux',0,1),
('Lorient','Metz',1,0),
('Bordeaux','Nantes',2,0),
('PSG','Lille',0,0),
('Montpellier','Marseille',1,1),
('Rennes','Auxerre',0,5),
('Bastia','Sedan',1,1),
('Guingamp','Bastia',1,0),
('Metz','Troyes',2,1),
('Sochaux','Rennes',4,3),
('Nantes','Lens',1,2),
('Monaco','Montpellier',0,0),
('Auxerre','PSG',1,1),
('Lille','Lorient',3,1),
('Marseille','Bordeaux',0,0),
('Lyon','Sedan',2,0),
('Lens','Marseille',2,0),
('Lorient','Auxerre',0,1),
('PSG','Sochaux',1,0),
('Troyes','Nantes',0,0),
('Bastia','Lyon',1,2),
('Montpellier','Metz',3,0),
('Sedan','Guingamp',1,1),
('Bordeaux','Lille',0,0),
('Rennes','Monaco',3,0),
('Lille','Montpellier',2,1),
('Marseille','Troyes',0,1),
('Monaco','PSG',2,2),
('Lyon','Guingamp',3,0),
('Auxerre','Sedan',2,1),
('Sochaux','Lorient',2,2),
('Rennes','Bordeaux',1,0),
('Nantes','Bastia',1,2),
('Metz','Lens',0,1),
('Lorient','Monaco',2,0),
('Guingamp','Nantes',1,0),
('Lens','Lille',1,1),
('Bastia','Marseille',1,0),
('Bordeaux','Auxerre',1,1),
('Montpellier','Sochaux',0,0),
('PSG','Rennes',3,0),
('Troyes','Lyon',0,2),
('Sedan','Metz',2,0),
('Metz','Bastia',0,1),
('Monaco','Troyes',2,0),
('Rennes','Lorient',1,1),
('PSG','Lens',2,2),
('Sochaux','Bordeaux',2,0),
('Nantes','Sedan',1,1),
('Marseille','Lyon',0,0),
('Auxerre','Montpellier',1,0),
('Lille','Guingamp',1,0),
('Troyes','Lille',0,1),
('Bastia','Auxerre',0,1),
('Sedan','Marseille',1,1),
('Montpellier','Rennes',0,0),
('Lens','Sochaux',3,0),
('Lyon','Nantes',4,1),
('Bordeaux','Monaco',0,0),
('Lorient','PSG',1,1),
('Guingamp','Metz',0,2),
('Marseille','Nantes',2,0),
('PSG','Montpellier',0,0),
('Sochaux','Sedan',3,0),
('Lille','Bastia',2,1),
('Auxerre','Guingamp',2,2),
('Metz','Lyon',2,0),
('Lorient','Bordeaux',0,2),
('Rennes','Troyes',0,1),
('Monaco','Lens',3,0),
('Lens','Auxerre',1,1),
('Bastia','Monaco',1,0),
('Montpellier','Lorient',1,3),
('Bordeaux','PSG',1,0),
('Troyes','Sochaux',2,2),
('Lyon','Rennes',4,0),
('Sedan','Lille',1,1),
('Nantes','Metz',0,0),
('Guingamp','Marseille',1,0),
('Lille','Nantes',1,0),
('Lorient','Lens',2,3),
('Monaco','Sedan',2,0),
('Rennes','Guingamp',2,1),
('Metz','Marseille',0,2),
('Auxerre','Troyes',1,3),
('Sochaux','Bastia',4,1),
('Montpellier','Bordeaux',0,0),
('PSG','Lyon',2,2),
('Guingamp','Monaco',2,1),
('Nantes','Auxerre',2,2),
('Lens','Montpellier',2,0),
('Bastia','Rennes',1,2),
('Sedan','PSG',1,2),
('Troyes','Lorient',4,2),
('Bordeaux','Metz',1,0),
('Lyon','Sochaux',1,1),
('Marseille','Lille',0,0),
('Monaco','Lyon',2,1),
('Auxerre','Marseille',2,0),
('Bordeaux','Sedan',2,1),
('Lorient','Guingamp',6,2),
('Rennes','Lens',1,2),
('PSG','Bastia',1,0),
('Montpellier','Troyes',2,0),
('Sochaux','Nantes',0,1),
('Lille','Metz',2,0),
('Sedan','Montpellier',2,0),
('Troyes','PSG',1,0),
('Nantes','Monaco',2,1),
('Marseille','Rennes',2,1),
('Lyon','Lille',4,2),
('Lens','Bordeaux',0,0),
('Bastia','Lorient',3,1),
('Metz','Auxerre',2,0),
('Guingamp','Sochaux',0,0),
('Bordeaux','Troyes',2,3),
('Rennes','Nantes',2,0),
('Monaco','Marseille',1,1),
('PSG','Guingamp',1,1),
('Lorient','Lyon',0,3),
('Auxerre','Lille',2,1),
('Sochaux','Metz',2,0),
('Montpellier','Bastia',2,1),
('Lens','Sedan',1,0),
('Lyon','Auxerre',3,0),
('Guingamp','Montpellier',2,2),
('Bastia','Bordeaux',1,2),
('Sedan','Lorient',5,0),
('Nantes','PSG',1,2),
('Metz','Monaco',1,0),
('Lille','Rennes',1,0),
('Marseille','Sochaux',4,2),
('Troyes','Lens',1,1),
('Sochaux','Auxerre',1,2),
('Monaco','Lille',2,2),
('Lens','Bastia',7,0),
('Bordeaux','Guingamp',2,0),
('Troyes','Sedan',1,1),
('PSG','Marseille',0,0),
('Montpellier','Lyon',3,0),
('Lorient','Nantes',1,2),
('Rennes','Metz',0,0),
('Lille','Sochaux',1,2),
('Lyon','Bordeaux',1,0),
('Marseille','Lorient',3,2),
('Guingamp','Lens',1,0),
('Bastia','Troyes',2,0),
('Auxerre','Monaco',2,0),
('Metz','PSG',0,2),
('Nantes','Montpellier',1,2),
('Sedan','Rennes',0,0),
('Lens','Nantes',3,0),
('Lorient','Lille',2,4),
('Sedan','Lyon',2,1),
('Rennes','Sochaux',1,1),
('PSG','Auxerre',0,0),
('Bordeaux','Marseille',0,0),
('Bastia','Guingamp',3,0),
('Sochaux','PSG',0,2),
('Guingamp','Sedan',1,2),
('Marseille','Lens',1,2),
('Nantes','Troyes',1,0),
('Monaco','Rennes',3,1),
('Troyes','Metz',2,0),
('Montpellier','Monaco',1,1),
('Lille','Bordeaux',2,2),
('Auxerre','Lorient',2,2),
('Lyon','Bastia',0,0),
('Guingamp','Lyon',2,4),
('Montpellier','Lille',2,0),
('Lorient','Sochaux',1,1),
('Troyes','Marseille',1,0),
('Bordeaux','Rennes',2,1),
('PSG','Monaco',1,2),
('Bastia','Nantes',0,2),
('Lille','Lens',0,1),
('Marseille','Bastia',2,2),
('Nantes','Guingamp',2,0),
('Monaco','Lorient',1,0),
('Sochaux','Montpellier',0,1),
('Rennes','PSG',1,2),
('Bordeaux','Sochaux',0,1),
('Sedan','Nantes',0,0),
('Lyon','Marseille',4,0),
('Guingamp','Lille',0,0),
('Troyes','Monaco',3,0),
('Montpellier','Auxerre',0,0),
('Bastia','Metz',1,2),
('Lens','PSG',1,1),
('Lorient','Rennes',2,0),
('Sochaux','Lens',0,2),
('Metz','Guingamp',2,4),
('Rennes','Montpellier',2,0),
('Marseille','Sedan',2,1),
('Monaco','Bordeaux',3,1),
('Nantes','Lyon',3,0),
('Auxerre','Bastia',1,0),
('PSG','Lorient',5,0),
('Metz','Montpellier',0,0),
('Lyon','Troyes',3,1),
('Montpellier','PSG',0,0),
('Lens','Monaco',1,0),
('Sedan','Sochaux',2,1),
('Lyon','Metz',4,1),
('Bordeaux','Lorient',2,1),
('Bastia','Lille',1,0),
('Guingamp','Auxerre',0,0),
('Troyes','Rennes',1,1),
('Nantes','Marseille',3,1),
('Auxerre','Lens',1,0),
('Rennes','Lyon',2,2),
('Lorient','Montpellier',1,0),
('PSG','Bordeaux',1,0),
('Sochaux','Troyes',2,2),
('Monaco','Bastia',1,1),
('Lille','Sedan',1,1),
('Marseille','Guingamp',2,1),
('Metz','Nantes',2,0),
('Sedan','Monaco',0,0),
('Troyes','Auxerre',1,2),
('Nantes','Lille',0,1),
('Marseille','Metz',1,0),
('Guingamp','Rennes',1,1),
('Lens','Lorient',1,1),
('Lyon','PSG',3,0),
('Bordeaux','Montpellier',3,1),
('Bastia','Sochaux',3,0),
('Montpellier','Lens',1,2),
('Auxerre','Nantes',2,1),
('PSG','Sedan',3,0),
('Sochaux','Lyon',2,1),
('Lorient','Troyes',1,0),
('Lille','Marseille',2,0),
('Rennes','Bastia',2,1),
('Monaco','Guingamp',3,1),
('Metz','Bordeaux',1,2),
('Lens','Metz',2,2),
('Auxerre','Bordeaux',0,1),
('Lille','Troyes',1,0),
('Sedan','Bordeaux',1,0),
('Troyes','Montpellier',2,0),
('Nantes','Sochaux',0,0),
('Metz','Lille',0,1),
('Lyon','Monaco',1,0),
('Lens','Rennes',2,0),
('Bastia','PSG',0,1),
('Guingamp','Lorient',4,3),
('Auxerre','Metz',3,2),
('PSG','Troyes',3,1),
('Sochaux','Guingamp',1,0),
('Monaco','Nantes',1,2),
('Rennes','Marseille',2,1),
('Lorient','Bastia',0,0),
('Bordeaux','Lens',2,1),
('Montpellier','Sedan',0,0),
('Lille','Lyon',2,0),
('Lille','Auxerre',2,3),
('Lyon','Lorient',2,0),
('Marseille','Monaco',1,1),
('Metz','Sochaux',2,0),
('Bastia','Montpellier',3,0),
('Nantes','Rennes',3,1),
('Sedan','Lens',1,1),
('Guingamp','PSG',0,1),
('Troyes','Bordeaux',2,0),
('Sedan','Auxerre',3,3),
('Metz','Sedan',2,3),
('Marseille','Auxerre',3,0),
('Montpellier','Guingamp',2,1),
('Auxerre','Lyon',0,1),
('Monaco','Metz',2,2),
('Lorient','Sedan',1,1),
('Lens','Troyes',0,0),
('Sochaux','Marseille',3,0),
('PSG','Nantes',1,1),
('Bordeaux','Bastia',2,1),
('Rennes','Lille',4,0),
('Metz','Rennes',3,1),
('Guingamp','Bordeaux',2,1),
('Lille','Monaco',1,1),
('Bastia','Lens',3,1),
('Marseille','PSG',1,0),
('Nantes','Lorient',2,0),
('Lyon','Montpellier',0,0),
('Auxerre','Sochaux',2,0),
('Sedan','Troyes',0,0),
('Bordeaux','Lyon',0,1),
('Sochaux','Lille',0,0),
('Monaco','Auxerre',1,1),
('Lorient','Marseille',2,2),
('Montpellier','Nantes',3,0),
('PSG','Metz',2,0),
('Rennes','Sedan',1,0),
('Troyes','Bastia',3,0),
('Lens','Guingamp',4,1),
('Nantes','Bordeaux',2,2);

INSERT INTO Carton VALUES
('Adam','Frederic','Troyes','Lens','Rouge'),
('Adebayor','Sheyi','Metz','Troyes','Jaune'),
('Adebayor','Sheyi','Guingamp','Metz','Jaune'),
('Ademar Bernardi','Lucas','Nantes','Monaco','Jaune'),
('Afanou','Kodjo','Bordeaux','Auxerre','Rouge'),
('Afanou','Kodjo','Sochaux','Bordeaux','Rouge'),
('Afanou','Kodjo','Bastia','Bordeaux','Jaune'),
('Afanou','Kodjo','Nantes','Bordeaux','Rouge'),
('Agostinho','Joaquim','Bordeaux','PSG','Rouge'),
('Ahamada','Hassan','Sochaux','Nantes','Rouge'),
('Ahamada','Hassan','Nantes','Bordeaux','Rouge'),
('Alicarte','Herve','Bordeaux','Auxerre','Rouge'),
('Alicarte','Herve','Bordeaux','Lyon','Jaune'),
('Alicarte','Herve','Nantes','Bordeaux','Jaune'),
('Amzine','Gharib','Troyes','Guingamp','Jaune'),
('Amzine','Gharib','Troyes','Nantes','Jaune'),
('Amzine','Gharib','Troyes','Bastia','Rouge'),
('Anderson','','Bordeaux','Lyon','Jaune'),
('Ba','Ibrahim','Marseille','Bordeaux','Jaune'),
('Bah','Schuman','Montpellier','Metz','Rouge'),
('Bakayoko','Ibrahima','Marseille','Lille','Jaune'),
('Barul','Patrick','Metz','Lens','Rouge'),
('Bassir','Salaheddine','Lille','Nantes','Rouge'),
('Bastien','Christophe','Montpellier','Metz','Jaune'),
('BayihaN djema','Gilbert','Sedan','Lorient','Jaune'),
('Belbey','Omar','Lille','Montpellier','Rouge'),
('Berardi','Jerome','Marseille','Troyes','Jaune'),
('Berardi','Jerome','Guingamp','Marseille','Rouge'),
('Berenguer','Pascal','Bastia','Marseille','Rouge'),
('Berson','Mathieu','Guingamp','Nantes','Jaune'),
('Berson','Mathieu','Sochaux','Nantes','Jaune'),
('Berson','Mathieu','Rennes','Nantes','Rouge'),
('Berthe','Seikou','Troyes','Bastia','Rouge'),
('Biancarelli','Andre','Monaco','Troyes','Rouge'),
('Bierhoff','Oliver','Bordeaux','Monaco','Jaune'),
('Bierhoff','Oliver','Monaco','Lyon','Jaune'),
('Bochu','Matthieu','Sedan','PSG','Jaune'),
('Bonnal','Nicolas','Monaco','Sochaux','Jaune'),
('Bonnal','Nicolas','Rennes','Monaco','Rouge'),
('Bosnjak','Ivan','Montpellier','Marseille','Jaune'),
('Boumsong','Jean-Alain','Auxerre','Marseille','Jaune'),
('Bourmaud','Laurent','Lorient','PSG','Rouge'),
('Boutal','Samuel','Troyes','Lorient','Jaune'),
('Boutoille','Djezon','Troyes','Lille','Jaune'),
('Bradja','Mohamed','Troyes','PSG','Jaune'),
('Brechet','Jeremie','Bastia','Lyon','Jaune'),
('Brocard','Jerome','Sedan','Lorient','Jaune'),
('Brogno','Toni','Sedan','Metz','Jaune'),
('Brogno','Toni','Sedan','PSG','Jaune'),
('Bucher','Matthieu','Lens','Marseille','Jaune'),
('Camara','Zoumana','Auxerre','Marseille','Jaune'),
('Capron','Eddy','Sedan','PSG','Rouge'),
('Celestini','Fabio','Troyes','Lyon','Jaune'),
('Celestini','Fabio','Troyes','Sochaux','Jaune'),
('Celestini','Fabio','Bordeaux','Troyes','Jaune'),
('Citony','Mickael','Lille','Rennes','Rouge'),
('Clayton','Jose','Bastia','Bordeaux','Jaune'),
('Colleau','Fabrice','Guingamp','Sochaux','Rouge'),
('Collot','Patrick','Monaco','Lille','Rouge'),
('Crucet','Stephane','Sochaux','Lorient','Jaune'),
('Crucet','Stephane','Montpellier','Sochaux','Rouge'),
('Cubilier','Eric','Bordeaux','Monaco','Jaune'),
('Da Rocha','Frederic','Nantes','Sedan','Jaune'),
('Danic','Gael','PSG','Rennes','Jaune'),
('Danjou','Frederic','Monaco','Troyes','Rouge'),
('Delfim','','Lens','Marseille','Rouge'),
('Demai','Aimen','Nantes','Metz','Rouge'),
('Deroff','Yves','Guingamp','Nantes','Jaune'),
('Dieuze','Nicolas','Nantes','Bastia','Rouge'),
('Dieuze','Nicolas','Bastia','Lorient','Rouge'),
('diTommaso','David','Nantes','Sedan','Jaune'),
('Djembe-Djemba','Eric','Guingamp','Nantes','Rouge'),
('Djembe-Djemba','Eric','Nantes','Bordeaux','Jaune'),
('Domoraud','Cyrille','Monaco','Lyon','Jaune'),
('Drobnjak','Anton','Montpellier','Sochaux','Rouge'),
('Drobnjak','Anton','Lens','Sochaux','Rouge'),
('Durand','Eric','Montpellier','Rennes','Jaune'),
('Eboki-Poh','Cyril','Metz','Bastia','Rouge'),
('El Ouardi','Redouane','Lens','Bordeaux','Rouge'),
('el-Karkouri','Talal','Bordeaux','PSG','Rouge'),
('el-Karkouri','Talal','PSG','Lyon','Jaune'),
('eloi','Wagneau','Monaco','Lille','Rouge'),
('Elzeard','Cedric','Sedan','Guingamp','Jaune'),
('Escude','Julien','Montpellier','Rennes','Jaune'),
('Espartero','Mario','Metz','Troyes','Jaune'),
('Essola','Paul','Bastia','Rennes','Jaune'),
('Essombe','Ernest','Lens','Lille','Rouge'),
('Fadiga','Khalilou','Auxerre','Troyes','Rouge'),
('Faget','Arnaud','Auxerre','Bordeaux','Rouge'),
('Feindouno','Pascal','Lille','Lorient','Jaune'),
('Feindouno','Pascal','Troyes','Lorient','Jaune'),
('Fenillat','Samuel','Sochaux','Nantes','Jaune'),
('Fernandez','Vincent','Sochaux','Rennes','Jaune'),
('Fernandez','Vincent','PSG','Sochaux','Jaune'),
('Ferron','Christophe','Lille','Lorient','Rouge'),
('Finazzi','Alexandro','Troyes','Sochaux','Rouge'),
('Fournier','Hubert','Guingamp','Montpellier','Jaune'),
('Fretard','Jerome','Auxerre','Sedan','Jaune'),
('Fretard','Jerome','Sedan','Lille','Rouge'),
('Frutos','Alexandre','Sedan','Metz','Jaune'),
('Fugen','Olivier','Troyes','Lille','Rouge'),
('Gallardo','Marcelo','Nantes','Monaco','Rouge'),
('Garnier','Fabien','Montpellier','Lorient','Jaune'),
('Garnier','Fabien','Lorient','Lens','Jaune'),
('Gaacho','Ronaldinho','PSG','Guingamp','Jaune'),
('Gentile','Claudio','Monaco','Marseille','Rouge'),
('Ghazi','Farid','Troyes','Guingamp','Rouge'),
('Givet','Gael','Lorient','Monaco','Rouge'),
('Givet','Gael','Bastia','Monaco','Rouge'),
('Gnanhouan','Gerard','Auxerre','Guingamp','Rouge'),
('Gousse','Nicolas','Troyes','Sochaux','Jaune'),
('Govou','Sidney','PSG','Lyon','Rouge'),
('Govou','Sidney','Lorient','Lyon','Jaune'),
('Gregoire','Stephane','Lille','Rennes','Jaune'),
('Guel','Tchiressoua','Montpellier','Lorient','Jaune'),
('Guillou','Patrick','PSG','Sochaux','Jaune'),
('Guivarc h','Stephane','Troyes','Guingamp','Rouge'),
('Guy','Jeremie','Guingamp','Nantes','Rouge'),
('Guyot','Laurent','Troyes','Guingamp','Jaune'),
('Hadji Diouf','El','Lens','Lyon','Rouge'),
('Hassli','Eric','Metz','Lens','Rouge'),
('Hiroux','Gael','PSG','Rennes','Rouge'),
('Jay','Frederic','Sochaux','Auxerre','Rouge'),
('Jezierski','Richard','Sedan','Montpellier','Jaune'),
('Jurietti','Franck','Marseille','Lyon','Jaune'),
('Kapo','','Auxerre','Sedan','Jaune'),
('Kelban','Fabrice','PSG','Guingamp','Jaune'),
('Kroupi','Elie','Montpellier','Lorient','Jaune'),
('Lachor','Yoann','Lens','Marseille','Rouge'),
('Lachuer','Yann','Nantes','Auxerre','Jaune'),
('Lamotte','Cedric','Marseille','Troyes','Jaune'),
('Lamotte','Cedric','Troyes','Lorient','Jaune'),
('Landrin','Christophe','PSG','Lille','Jaune'),
('Laurent','Pierre','Bastia','Bordeaux','Jaune'),
('Le Crom','Ronan','Rennes','Auxerre','Jaune'),
('Le Crom','Ronan','Auxerre','PSG','Jaune'),
('Le Crom','Ronan','Lorient','Auxerre','Rouge'),
('Le Crom','Ronan','Bordeaux','Auxerre','Jaune'),
('Le Garrec','Stephane','Lille','Lorient','Rouge'),
('Leca','Gregory','Bordeaux','Metz','Jaune'),
('Lefevre','Fabien','Montpellier','Marseille','Jaune'),
('Leroy','Jerome','PSG','Lens','Jaune'),
('Leroy','Jerome','Sedan','PSG','Rouge'),
('Lucas','','Sochaux','Rennes','Jaune'),
('Lucas','','Bastia','Rennes','Jaune'),
('Mace','Sebastien','Sochaux','Nantes','Jaune'),
('Mace','Sebastien','Nantes','Bordeaux','Rouge'),
('Madahoui','Lofti','Metz','Troyes','Rouge'),
('Magnier','Cyrille','Lyon','Auxerre','Jaune'),
('Malak','Julien','Sedan','Lille','Jaune'),
('Malicki','Gregory','PSG','Lille','Jaune'),
('Malicki','Gregory','Lille','Lorient','Jaune'),
('Malouda','Florent','Guingamp','Metz','Jaune'),
('Marsiglia','Mickael','Marseille','Rennes','Jaune'),
('Martini','Richard','Marseille','Lille','Jaune'),
('Mazzoncini','David','Bastia','Auxerre','Jaune'),
('M Bami','Modeste','Sedan','Marseille','Rouge'),
('Meite','Abdoulaye','Marseille','Sochaux','Jaune'),
('Meriem','Camel','Sochaux','Nantes','Rouge'),
('Meyrieu','Frederic','Guingamp','Metz','Jaune'),
('Mionnet','Cedric','Bastia','Sedan','Rouge'),
('Miranda','Paulo','Bordeaux','Nantes','Jaune'),
('Miranda','Paulo','Rennes','Bordeaux','Rouge'),
('Monsoreau','Sylvain','Monaco','Sochaux','Jaune'),
('Montero','Jean-Louis','Nantes','Sedan','Jaune'),
('Monterrubio','Olivier','Rennes','Troyes','Rouge'),
('Moreira','Daniel','Rennes','Lens','Rouge'),
('Moreno','Malher','Metz','Troyes','Rouge'),
('Moukoko','Jean-Philippe','Troyes','Nantes','Jaune'),
('N Diaye','Sylvain','Sedan','Lille','Rouge'),
('N Diaye','Moussa','Monaco','Sedan','Jaune'),
('Nedlec','Ronan','Montpellier','Lorient','Jaune'),
('Nee','Frederic','Monaco','Lyon','Jaune'),
('Niang','Mamadou','Rennes','Troyes','Jaune'),
('Nielsen','Morten','Guingamp','Bastia','Rouge'),
('Ogbeche','','Monaco','PSG','Jaune'),
('Ogbeche','','PSG','Bastia','Jaune'),
('Okocha','Jay-Jay','PSG','Bastia','Jaune'),
('Olembe','Salomon','Guingamp','Nantes','Rouge'),
('Olufade','Adekanmi','Lille','Nantes','Rouge'),
('Olufade','Adekanmi','Lille','Metz','Rouge'),
('Pagis','Mickael','Marseille','Sochaux','Jaune'),
('Pailleres','Loic','Troyes','Nantes','Jaune'),
('Pailleres','Loiic','Nantes','PSG','Rouge'),
('Paisley','Gregory','Rennes','Lens','Rouge'),
('Pankrate','Fabrice','Guingamp','Monaco','Rouge'),
('Pankrate','Fabrice','PSG','Guingamp','Rouge'),
('Pataca','Rui','Auxerre','Montpellier','Rouge'),
('Pauleta','','Lorient','Bordeaux','Jaune'),
('Pedron','Stephane','Lens','Auxerre','Jaune'),
('Pedros','Reynald','Nantes','Bastia','Jaune'),
('Pele','Steven','Lille','Rennes','Rouge'),
('Penneteau','Nicolas','Bastia','Auxerre','Rouge'),
('Petitjean','Allan','Sedan','PSG','Jaune'),
('Pierre','Pascal','Sedan','Metz','Jaune'),
('Pierre','Pascal','Lille','Metz','Jaune'),
('Pochettino','Mauricio','PSG','Marseille','Jaune'),
('Porato','Stephane','Monaco','Lens','Rouge'),
('Porato','Stephane','Monaco','Lyon','Rouge'),
('Potillon','Lionel','Lorient','PSG','Jaune'),
('Queudrue','Franck','Lens','Auxerre','Rouge'),
('Quintero','Diego','Monaco','Lyon','Rouge'),
('Radet','Johan','Rennes','Auxerre','Jaune'),
('Radet','Johan','Lorient','Auxerre','Rouge'),
('Radet','Johan','Bordeaux','Auxerre','Jaune'),
('Ramond','Cyril','PSG','Montpellier','Rouge'),
('Reina','Loris','Marseille','Lyon','Jaune'),
('Renier','Pascal','Metz','Troyes','Jaune'),
('Reyes','Pedro','Auxerre','PSG','Rouge'),
('Ribeiro','Frederic','Bastia','Lyon','Rouge'),
('Rodriguez','Julien','Monaco','Sedan','Rouge'),
('Rodriguez','Julien','Monaco','Lille','Rouge'),
('Roncen','Raphael','Nantes','Metz','Jaune'),
('Rool','Cyril','Monaco','Sochaux','Jaune'),
('Rool','Cyril','Monaco','PSG','Jaune'),
('Rool','Cyril','Guingamp','Monaco','Jaune'),
('Rothen','Jerome','Troyes','Nantes','Rouge'),
('Roux','Frederic','Bordeaux','Auxerre','Jaune'),
('Rubil','Goran','Nantes','Lens','Jaune'),
('Sachy','Nicolas','Nantes','Sedan','Jaune'),
('Saci','Hakim','Sedan','Guingamp','Rouge'),
('Sahnoun','Nicolas','Bordeaux','Metz','Rouge'),
('Sahnoun','Nicolas','Bordeaux','Sedan','Jaune'),
('Sanchez','Christophe','Bordeaux','Nantes','Rouge'),
('Sanchez','Christophe','Bordeaux','Sedan','Jaune'),
('Sarr','Pape','Lens','Auxerre','Jaune'),
('Saveljic','Nisa','Monaco','Sochaux','Jaune'),
('Schmitz','Rafael','Lille','Nantes','Rouge'),
('Sekli','Herve','Rennes','Troyes','Jaune'),
('Senoussi','M Saddek','Lens','Lyon','Jaune'),
('Sikora','Eric','Troyes','Lens','Jaune'),
('Silvestre','Franck','Montpellier','Troyes','Jaune'),
('Sirieix','Francois','Lorient','Auxerre','Jaune'),
('Songo o','Jacques','Metz','Troyes','Jaune'),
('Sonzogni','Frederic','Lorient','Guingamp','Jaune'),
('Sopalski','Jeremy','Auxerre','Sedan','Jaune'),
('Sterjovski','Mile','Lille','Metz','Jaune'),
('Tassali','Kamal','PSG','Sochaux','Jaune'),
('Tassali','Kamal','Lyon','Sochaux','Rouge'),
('Toulalan','Jeremy','Nantes','Metz','Rouge'),
('Turdo','Mario','Rennes','Auxerre','Jaune'),
('Tuzzio','Eduardo','Marseille','Lille','Rouge'),
('Valeriu Raducioiu','Florin','Monaco','Lens','Rouge'),
('van Buyten','Daniel','Montpellier','Marseille','Jaune'),
('van Handenhoven','Gunter','Bordeaux','Metz','Rouge'),
('Vercoutre','Remi','Montpellier','Lorient','Rouge'),
('Viale','Julien','Lyon','Auxerre','Jaune'),
('Vieira','Roland','Metz','Lyon','Rouge'),
('Vieira','Roland','Monaco','Lyon','Jaune'),
('Villechalane','Pascal','Montpellier','Sochaux','Jaune'),
('Violeau','Philippe','Lyon','Auxerre','Jaune'),
('Wallemme','Jean-Guy','Lens','Marseille','Rouge'),
('Wimbee','Gregory','Troyes','Lille','Jaune'),
('Wlodarczyk','Piotr','Auxerre','Montpellier','Rouge'),
('Zeitoun','Rudy','Lens','Sochaux','Jaune'),
('Zeitoun','Rudy','Lens','Montpellier','Jaune');
